,sample,Region,celltype,pixel (bin1),area (mm2),cellnum,cell_density_mm2,group
0,HC1,All,Keratinocytes,43271997.5,10.817999375,4564,421.88946789433516,HC
1,HC1,All,Melanocytes,43271997.5,10.817999375,278,25.697912373931896,HC
2,HC1,All,Schwann cells,43271997.5,10.817999375,187,17.286005805486564,HC
3,HC1,All,Sweat gland cells,43271997.5,10.817999375,343,31.70641706567856,HC
4,HC1,All,Fibroblasts,43271997.5,10.817999375,1778,164.3557129527011,HC
5,HC1,All,Endothelial cells,43271997.5,10.817999375,995,91.97634105058359,HC
6,HC1,All,Smooth muscle cells,43271997.5,10.817999375,521,48.16047606769251,HC
7,HC1,All,T cells,43271997.5,10.817999375,86,7.949713899849435,HC
8,HC1,All,NK cells,43271997.5,10.817999375,11,1.0168238709109743,HC
9,HC1,All,B cells,43271997.5,10.817999375,78,7.210205630096,HC
10,HC1,All,Plasma cells,43271997.5,10.817999375,156,14.420411260192,HC
11,HC1,All,Macrophage/DC,43271997.5,10.817999375,352,32.538363869151176,HC
12,HC1,All,Mast cells,43271997.5,10.817999375,127,11.739693782335793,HC
13,HC1,Epi,Keratinocytes,2118634.5,0.529658625,2234,4217.811047634691,HC
14,HC1,Epi,Melanocytes,2118634.5,0.529658625,120,226.56102314958054,HC
15,HC1,Epi,Schwann cells,2118634.5,0.529658625,66,124.60856273226929,HC
16,HC1,Epi,Sweat gland cells,2118634.5,0.529658625,131,247.32911693829206,HC
17,HC1,Epi,Fibroblasts,2118634.5,0.529658625,326,615.4907795563604,HC
18,HC1,Epi,Endothelial cells,2118634.5,0.529658625,210,396.4817905117659,HC
19,HC1,Epi,Smooth muscle cells,2118634.5,0.529658625,33,62.304281366134646,HC
20,HC1,Epi,T cells,2118634.5,0.529658625,6,11.328051157479026,HC
21,HC1,Epi,NK cells,2118634.5,0.529658625,1,1.8880085262465043,HC
22,HC1,Epi,B cells,2118634.5,0.529658625,9,16.99207673621854,HC
23,HC1,Epi,Plasma cells,2118634.5,0.529658625,7,13.21605968372553,HC
24,HC1,Epi,Macrophage/DC,2118634.5,0.529658625,65,122.72055420602278,HC
25,HC1,Epi,Mast cells,2118634.5,0.529658625,20,37.76017052493009,HC
26,HC1,Der,Keratinocytes,41174147.0,10.29353675,2330,226.35563039108013,HC
27,HC1,Der,Melanocytes,41174147.0,10.29353675,158,15.349437597335047,HC
28,HC1,Der,Schwann cells,41174147.0,10.29353675,121,11.754949046060384,HC
29,HC1,Der,Sweat gland cells,41174147.0,10.29353675,212,20.595447915411583,HC
30,HC1,Der,Fibroblasts,41174147.0,10.29353675,1452,141.0593885527246,HC
31,HC1,Der,Endothelial cells,41174147.0,10.29353675,785,76.26144629055703,HC
32,HC1,Der,Smooth muscle cells,41174147.0,10.29353675,488,47.408389541136096,HC
33,HC1,Der,T cells,41174147.0,10.29353675,80,7.771867137891163,HC
34,HC1,Der,NK cells,41174147.0,10.29353675,10,0.9714833922363953,HC
35,HC1,Der,B cells,41174147.0,10.29353675,69,6.703235406431128,HC
36,HC1,Der,Plasma cells,41174147.0,10.29353675,149,14.475102544322292,HC
37,HC1,Der,Macrophage/DC,41174147.0,10.29353675,287,27.881573357184546,HC
38,HC1,Der,Mast cells,41174147.0,10.29353675,107,10.39487229692943,HC
39,HC2,All,Keratinocytes,114963765.5,28.740941375,7698,267.84091375295117,HC
40,HC2,All,Melanocytes,114963765.5,28.740941375,261,9.081122173229444,HC
41,HC2,All,Schwann cells,114963765.5,28.740941375,104,3.618531440673801,HC
42,HC2,All,Sweat gland cells,114963765.5,28.740941375,1245,43.31799657345079,HC
43,HC2,All,Fibroblasts,114963765.5,28.740941375,1304,45.370817294602276,HC
44,HC2,All,Endothelial cells,114963765.5,28.740941375,862,29.99205867173862,HC
45,HC2,All,Smooth muscle cells,114963765.5,28.740941375,191,6.645572165083616,HC
46,HC2,All,T cells,114963765.5,28.740941375,87,3.0270407244098143,HC
47,HC2,All,NK cells,114963765.5,28.740941375,21,0.7306650024437483,HC
48,HC2,All,B cells,114963765.5,28.740941375,42,1.4613300048874966,HC
49,HC2,All,Plasma cells,114963765.5,28.740941375,392,13.639080045616634,HC
50,HC2,All,Macrophage/DC,114963765.5,28.740941375,791,27.521715092047852,HC
51,HC2,All,Mast cells,114963765.5,28.740941375,122,4.244815728482728,HC
52,HC2,Epi,Keratinocytes,2764506.0,0.6911265,4726,6838.1114021818,HC
53,HC2,Epi,Melanocytes,2764506.0,0.6911265,152,219.93079414550013,HC
54,HC2,Epi,Schwann cells,2764506.0,0.6911265,29,41.96048046197042,HC
55,HC2,Epi,Sweat gland cells,2764506.0,0.6911265,22,31.83208862632239,HC
56,HC2,Epi,Fibroblasts,2764506.0,0.6911265,51,73.79256908829281,HC
57,HC2,Epi,Endothelial cells,2764506.0,0.6911265,22,31.83208862632239,HC
58,HC2,Epi,Smooth muscle cells,2764506.0,0.6911265,6,8.681478716269742,HC
59,HC2,Epi,T cells,2764506.0,0.6911265,12,17.362957432539485,HC
60,HC2,Epi,NK cells,2764506.0,0.6911265,1,1.4469131193782905,HC
61,HC2,Epi,B cells,2764506.0,0.6911265,4,5.787652477513162,HC
62,HC2,Epi,Plasma cells,2764506.0,0.6911265,9,13.022218074404615,HC
63,HC2,Epi,Macrophage/DC,2764506.0,0.6911265,42,60.770351013888195,HC
64,HC2,Epi,Mast cells,2764506.0,0.6911265,5,7.234565596891452,HC
65,HC2,Der,Keratinocytes,112228572.0,28.057143,2972,105.92667970505764,HC
66,HC2,Der,Melanocytes,112228572.0,28.057143,109,3.884928697123581,HC
67,HC2,Der,Schwann cells,112228572.0,28.057143,75,2.673116076002464,HC
68,HC2,Der,Sweat gland cells,112228572.0,28.057143,1223,43.58961281268018,HC
69,HC2,Der,Fibroblasts,112228572.0,28.057143,1253,44.65885924308117,HC
70,HC2,Der,Endothelial cells,112228572.0,28.057143,840,29.938900051227595,HC
71,HC2,Der,Smooth muscle cells,112228572.0,28.057143,185,6.593686320806078,HC
72,HC2,Der,T cells,112228572.0,28.057143,75,2.673116076002464,HC
73,HC2,Der,NK cells,112228572.0,28.057143,20,0.7128309536006571,HC
74,HC2,Der,B cells,112228572.0,28.057143,38,1.3543788118412483,HC
75,HC2,Der,Plasma cells,112228572.0,28.057143,383,13.650712761452583,HC
76,HC2,Der,Macrophage/DC,112228572.0,28.057143,749,26.695519212344607,HC
77,HC2,Der,Mast cells,112228572.0,28.057143,117,4.170061078563844,HC
78,HC3,All,Keratinocytes,88352204.0,22.088051,8153,369.1135990223855,HC
79,HC3,All,Melanocytes,88352204.0,22.088051,199,9.009396075733436,HC
80,HC3,All,Schwann cells,88352204.0,22.088051,56,2.535307438397349,HC
81,HC3,All,Sweat gland cells,88352204.0,22.088051,164,7.424828926735093,HC
82,HC3,All,Fibroblasts,88352204.0,22.088051,2441,110.51224030585587,HC
83,HC3,All,Endothelial cells,88352204.0,22.088051,1192,53.96582976017214,HC
84,HC3,All,Smooth muscle cells,88352204.0,22.088051,262,11.861616943930454,HC
85,HC3,All,T cells,88352204.0,22.088051,34,1.5392938018841047,HC
86,HC3,All,NK cells,88352204.0,22.088051,3,0.1358200413427151,HC
87,HC3,All,B cells,88352204.0,22.088051,28,1.2676537191986745,HC
88,HC3,All,Plasma cells,88352204.0,22.088051,55,2.4900340912831105,HC
89,HC3,All,Macrophage/DC,88352204.0,22.088051,800,36.218677691390695,HC
90,HC3,All,Mast cells,88352204.0,22.088051,96,4.3462413229668835,HC
91,HC3,Epi,Keratinocytes,2991449.0,0.74786225,6322,8453.428422145924,HC
92,HC3,Epi,Melanocytes,2991449.0,0.74786225,95,127.02874092120575,HC
93,HC3,Epi,Schwann cells,2991449.0,0.74786225,5,6.68572320637925,HC
94,HC3,Epi,Sweat gland cells,2991449.0,0.74786225,7,9.36001248893095,HC
95,HC3,Epi,Fibroblasts,2991449.0,0.74786225,16,21.3943142604136,HC
96,HC3,Epi,Endothelial cells,2991449.0,0.74786225,8,10.6971571302068,HC
97,HC3,Epi,Smooth muscle cells,2991449.0,0.74786225,1,1.33714464127585,HC
98,HC3,Epi,T cells,2991449.0,0.74786225,2,2.6742892825517,HC
99,HC3,Epi,NK cells,2991449.0,0.74786225,0,0.0,HC
100,HC3,Epi,B cells,2991449.0,0.74786225,1,1.33714464127585,HC
101,HC3,Epi,Plasma cells,2991449.0,0.74786225,2,2.6742892825517,HC
102,HC3,Epi,Macrophage/DC,2991449.0,0.74786225,42,56.1600749335857,HC
103,HC3,Epi,Mast cells,2991449.0,0.74786225,1,1.33714464127585,HC
104,HC3,Der,Keratinocytes,85404488.5,21.351122125,1831,85.75661687851454,HC
105,HC3,Der,Melanocytes,85404488.5,21.351122125,104,4.870938369942934,HC
106,HC3,Der,Schwann cells,85404488.5,21.351122125,51,2.388633239106631,HC
107,HC3,Der,Sweat gland cells,85404488.5,21.351122125,157,7.353243500779236,HC
108,HC3,Der,Fibroblasts,85404488.5,21.351122125,2425,113.57716872222706,HC
109,HC3,Der,Endothelial cells,85404488.5,21.351122125,1184,55.453759903965704,HC
110,HC3,Der,Smooth muscle cells,85404488.5,21.351122125,261,12.22418187072217,HC
111,HC3,Der,T cells,85404488.5,21.351122125,32,1.4987502676747488,HC
112,HC3,Der,NK cells,85404488.5,21.351122125,3,0.1405078375945077,HC
113,HC3,Der,B cells,85404488.5,21.351122125,27,1.2645705383505692,HC
114,HC3,Der,Plasma cells,85404488.5,21.351122125,53,2.4823051308363024,HC
115,HC3,Der,Macrophage/DC,85404488.5,21.351122125,758,35.50164696554561,HC
116,HC3,Der,Mast cells,85404488.5,21.351122125,95,4.44941485715941,HC
117,HC4,All,Keratinocytes,35274726.5,8.818681625,3920,444.51088798661556,HC
118,HC4,All,Melanocytes,35274726.5,8.818681625,70,7.937694428332421,HC
119,HC4,All,Schwann cells,35274726.5,8.818681625,23,2.6080995978806527,HC
120,HC4,All,Sweat gland cells,35274726.5,8.818681625,245,27.781930499163472,HC
121,HC4,All,Fibroblasts,35274726.5,8.818681625,198,22.452335668711704,HC
122,HC4,All,Endothelial cells,35274726.5,8.818681625,152,17.2361364729504,HC
123,HC4,All,Smooth muscle cells,35274726.5,8.818681625,175,19.84423607083105,HC
124,HC4,All,T cells,35274726.5,8.818681625,8,0.9071650775237052,HC
125,HC4,All,NK cells,35274726.5,8.818681625,2,0.2267912693809263,HC
126,HC4,All,B cells,35274726.5,8.818681625,1,0.11339563469046315,HC
127,HC4,All,Plasma cells,35274726.5,8.818681625,111,12.58691545064141,HC
128,HC4,All,Macrophage/DC,35274726.5,8.818681625,71,8.051090063022885,HC
129,HC4,All,Mast cells,35274726.5,8.818681625,46,5.216199195761305,HC
130,HC4,Epi,Keratinocytes,979191.5,0.244797875,1289,5265.568583877617,HC
131,HC4,Epi,Melanocytes,979191.5,0.244797875,19,77.61505282674533,HC
132,HC4,Epi,Schwann cells,979191.5,0.244797875,2,8.170005560710035,HC
133,HC4,Epi,Sweat gland cells,979191.5,0.244797875,0,0.0,HC
134,HC4,Epi,Fibroblasts,979191.5,0.244797875,1,4.085002780355017,HC
135,HC4,Epi,Endothelial cells,979191.5,0.244797875,0,0.0,HC
136,HC4,Epi,Smooth muscle cells,979191.5,0.244797875,0,0.0,HC
137,HC4,Epi,T cells,979191.5,0.244797875,0,0.0,HC
138,HC4,Epi,NK cells,979191.5,0.244797875,0,0.0,HC
139,HC4,Epi,B cells,979191.5,0.244797875,0,0.0,HC
140,HC4,Epi,Plasma cells,979191.5,0.244797875,0,0.0,HC
141,HC4,Epi,Macrophage/DC,979191.5,0.244797875,6,24.510016682130104,HC
142,HC4,Epi,Mast cells,979191.5,0.244797875,0,0.0,HC
143,HC4,Der,Keratinocytes,34312157.0,8.57803925,2631,306.71344853079336,HC
144,HC4,Der,Melanocytes,34312157.0,8.57803925,51,5.945414623743998,HC
145,HC4,Der,Schwann cells,34312157.0,8.57803925,21,2.4481119038945875,HC
146,HC4,Der,Sweat gland cells,34312157.0,8.57803925,245,28.561305545436856,HC
147,HC4,Der,Fibroblasts,34312157.0,8.57803925,197,22.965621193677798,HC
148,HC4,Der,Endothelial cells,34312157.0,8.57803925,152,17.719667113903682,HC
149,HC4,Der,Smooth muscle cells,34312157.0,8.57803925,175,20.400932532454895,HC
150,HC4,Der,T cells,34312157.0,8.57803925,8,0.9326140586265096,HC
151,HC4,Der,NK cells,34312157.0,8.57803925,2,0.2331535146566274,HC
152,HC4,Der,B cells,34312157.0,8.57803925,1,0.1165767573283137,HC
153,HC4,Der,Plasma cells,34312157.0,8.57803925,111,12.94002006344282,HC
154,HC4,Der,Macrophage/DC,34312157.0,8.57803925,65,7.57748922634039,HC
155,HC4,Der,Mast cells,34312157.0,8.57803925,46,5.36253083710243,HC
156,DLE1,All,Keratinocytes,83455041.5,20.863760375,6994,335.2224083430598,DLE
157,DLE1,All,Melanocytes,83455041.5,20.863760375,377,18.06960937165192,DLE
158,DLE1,All,Schwann cells,83455041.5,20.863760375,152,7.285359746660722,DLE
159,DLE1,All,Sweat gland cells,83455041.5,20.863760375,1238,59.33733793661825,DLE
160,DLE1,All,Fibroblasts,83455041.5,20.863760375,5588,267.8328306864481,DLE
161,DLE1,All,Endothelial cells,83455041.5,20.863760375,2570,123.18009571656616,DLE
162,DLE1,All,Smooth muscle cells,83455041.5,20.863760375,626,30.004178956642185,DLE
163,DLE1,All,T cells,83455041.5,20.863760375,2593,124.28248567823192,DLE
164,DLE1,All,NK cells,83455041.5,20.863760375,648,31.05863891997466,DLE
165,DLE1,All,B cells,83455041.5,20.863760375,2169,103.96016638491517,DLE
166,DLE1,All,Plasma cells,83455041.5,20.863760375,1845,88.43084692492785,DLE
167,DLE1,All,Macrophage/DC,83455041.5,20.863760375,9075,434.9647348746451,DLE
168,DLE1,All,Mast cells,83455041.5,20.863760375,437,20.945409271649577,DLE
169,DLE1,Epi,Keratinocytes,2475264.0,0.618816,2578,4166.020270969077,DLE
170,DLE1,Epi,Melanocytes,2475264.0,0.618816,145,234.31844037646084,DLE
171,DLE1,Epi,Schwann cells,2475264.0,0.618816,3,4.847967731926776,DLE
172,DLE1,Epi,Sweat gland cells,2475264.0,0.618816,1,1.615989243975592,DLE
173,DLE1,Epi,Fibroblasts,2475264.0,0.618816,30,48.47967731926776,DLE
174,DLE1,Epi,Endothelial cells,2475264.0,0.618816,8,12.927913951804737,DLE
175,DLE1,Epi,Smooth muscle cells,2475264.0,0.618816,2,3.231978487951184,DLE
176,DLE1,Epi,T cells,2475264.0,0.618816,4,6.463956975902368,DLE
177,DLE1,Epi,NK cells,2475264.0,0.618816,1,1.615989243975592,DLE
178,DLE1,Epi,B cells,2475264.0,0.618816,0,0.0,DLE
179,DLE1,Epi,Plasma cells,2475264.0,0.618816,8,12.927913951804737,DLE
180,DLE1,Epi,Macrophage/DC,2475264.0,0.618816,36,58.17561278312131,DLE
181,DLE1,Epi,Mast cells,2475264.0,0.618816,1,1.615989243975592,DLE
182,DLE1,Der,Keratinocytes,81002838.5,20.250709625,4416,218.06643232631905,DLE
183,DLE1,Der,Melanocytes,81002838.5,20.250709625,232,11.456388654824732,DLE
184,DLE1,Der,Schwann cells,81002838.5,20.250709625,149,7.357766851590022,DLE
185,DLE1,Der,Sweat gland cells,81002838.5,20.250709625,1237,61.08427916387153,DLE
186,DLE1,Der,Fibroblasts,81002838.5,20.250709625,5558,274.45951785998216,DLE
187,DLE1,Der,Endothelial cells,81002838.5,20.250709625,2562,126.51408505888347,DLE
188,DLE1,Der,Smooth muscle cells,81002838.5,20.250709625,624,30.81373500263204,DLE
189,DLE1,Der,T cells,81002838.5,20.250709625,2589,127.84737166957427,DLE
190,DLE1,Der,NK cells,81002838.5,20.250709625,647,31.949497670998284,DLE
191,DLE1,Der,B cells,81002838.5,20.250709625,2169,107.10735772549502,DLE
192,DLE1,Der,Plasma cells,81002838.5,20.250709625,1837,90.71287051255618,DLE
193,DLE1,Der,Macrophage/DC,81002838.5,20.250709625,9039,446.3547286679343,DLE
194,DLE1,Der,Mast cells,81002838.5,20.250709625,436,21.530109713377513,DLE
195,DLE2,All,Keratinocytes,33062968.0,8.265742,13713,1659.0162141523413,DLE
196,DLE2,All,Melanocytes,33062968.0,8.265742,43,5.202194793885413,DLE
197,DLE2,All,Schwann cells,33062968.0,8.265742,27,3.2664944054629337,DLE
198,DLE2,All,Sweat gland cells,33062968.0,8.265742,28,3.387475679739339,DLE
199,DLE2,All,Fibroblasts,33062968.0,8.265742,978,118.31968624232405,DLE
200,DLE2,All,Endothelial cells,33062968.0,8.265742,744,90.01006806164528,DLE
201,DLE2,All,Smooth muscle cells,33062968.0,8.265742,211,25.527048872321448,DLE
202,DLE2,All,T cells,33062968.0,8.265742,286,34.60064444305182,DLE
203,DLE2,All,NK cells,33062968.0,8.265742,55,6.653970085202273,DLE
204,DLE2,All,B cells,33062968.0,8.265742,79,9.557520667835991,DLE
205,DLE2,All,Plasma cells,33062968.0,8.265742,691,83.59806052499583,DLE
206,DLE2,All,Macrophage/DC,33062968.0,8.265742,1082,130.90173876707016,DLE
207,DLE2,All,Mast cells,33062968.0,8.265742,69,8.347707925071942,DLE
208,DLE2,Epi,Keratinocytes,10191668.0,2.547917,8485,3330.1712732400624,DLE
209,DLE2,Epi,Melanocytes,10191668.0,2.547917,17,6.6721168703690115,DLE
210,DLE2,Epi,Schwann cells,10191668.0,2.547917,0,0.0,DLE
211,DLE2,Epi,Sweat gland cells,10191668.0,2.547917,9,3.532297166665947,DLE
212,DLE2,Epi,Fibroblasts,10191668.0,2.547917,127,49.84463779628614,DLE
213,DLE2,Epi,Endothelial cells,10191668.0,2.547917,40,15.69909851851532,DLE
214,DLE2,Epi,Smooth muscle cells,10191668.0,2.547917,11,4.317252092591713,DLE
215,DLE2,Epi,T cells,10191668.0,2.547917,19,7.457071796294778,DLE
216,DLE2,Epi,NK cells,10191668.0,2.547917,0,0.0,DLE
217,DLE2,Epi,B cells,10191668.0,2.547917,8,3.139819703703064,DLE
218,DLE2,Epi,Plasma cells,10191668.0,2.547917,14,5.494684481480363,DLE
219,DLE2,Epi,Macrophage/DC,10191668.0,2.547917,132,51.80702511110056,DLE
220,DLE2,Epi,Mast cells,10191668.0,2.547917,7,2.7473422407401813,DLE
221,DLE2,Der,Keratinocytes,22918101.0,5.72952525,5228,912.4665259132945,DLE
222,DLE2,Der,Melanocytes,22918101.0,5.72952525,26,4.537897795284173,DLE
223,DLE2,Der,Schwann cells,22918101.0,5.72952525,27,4.712432325872026,DLE
224,DLE2,Der,Sweat gland cells,22918101.0,5.72952525,19,3.3161560811692032,DLE
225,DLE2,Der,Fibroblasts,22918101.0,5.72952525,851,148.52888553026273,DLE
226,DLE2,Der,Endothelial cells,22918101.0,5.72952525,704,122.87230953384838,DLE
227,DLE2,Der,Smooth muscle cells,22918101.0,5.72952525,200,34.906906117570564,DLE
228,DLE2,Der,T cells,22918101.0,5.72952525,267,46.6007196669567,DLE
229,DLE2,Der,NK cells,22918101.0,5.72952525,55,9.599399182331904,DLE
230,DLE2,Der,B cells,22918101.0,5.72952525,71,12.39195167173755,DLE
231,DLE2,Der,Plasma cells,22918101.0,5.72952525,677,118.15987720797635,DLE
232,DLE2,Der,Macrophage/DC,22918101.0,5.72952525,950,165.80780405846016,DLE
233,DLE2,Der,Mast cells,22918101.0,5.72952525,62,10.821140896446874,DLE
234,DLE3,All,Keratinocytes,45286865.5,11.321716375,7067,624.1986432026301,DLE
235,DLE3,All,Melanocytes,45286865.5,11.321716375,148,13.072222894295919,DLE
236,DLE3,All,Schwann cells,45286865.5,11.321716375,114,10.069144661822532,DLE
237,DLE3,All,Sweat gland cells,45286865.5,11.321716375,2168,191.49040023536185,DLE
238,DLE3,All,Fibroblasts,45286865.5,11.321716375,3755,331.66349302757556,DLE
239,DLE3,All,Endothelial cells,45286865.5,11.321716375,3163,279.3746014503919,DLE
240,DLE3,All,Smooth muscle cells,45286865.5,11.321716375,1232,108.81742301197684,DLE
241,DLE3,All,T cells,45286865.5,11.321716375,1530,135.13852046130242,DLE
242,DLE3,All,NK cells,45286865.5,11.321716375,409,36.12526462004751,DLE
243,DLE3,All,B cells,45286865.5,11.321716375,1043,92.1238410726395,DLE
244,DLE3,All,Plasma cells,45286865.5,11.321716375,629,55.556947300757656,DLE
245,DLE3,All,Macrophage/DC,45286865.5,11.321716375,4870,430.14679388662927,DLE
246,DLE3,All,Mast cells,45286865.5,11.321716375,308,27.20435575299421,DLE
247,DLE3,Epi,Keratinocytes,3603879.5,0.900969875,3657,4058.9592410068094,DLE
248,DLE3,Epi,Melanocytes,3603879.5,0.900969875,17,18.868555399812895,DLE
249,DLE3,Epi,Schwann cells,3603879.5,0.900969875,1,1.1099150235184057,DLE
250,DLE3,Epi,Sweat gland cells,3603879.5,0.900969875,0,0.0,DLE
251,DLE3,Epi,Fibroblasts,3603879.5,0.900969875,26,28.857790611478546,DLE
252,DLE3,Epi,Endothelial cells,3603879.5,0.900969875,25,27.74787558796014,DLE
253,DLE3,Epi,Smooth muscle cells,3603879.5,0.900969875,0,0.0,DLE
254,DLE3,Epi,T cells,3603879.5,0.900969875,6,6.6594901411104335,DLE
255,DLE3,Epi,NK cells,3603879.5,0.900969875,0,0.0,DLE
256,DLE3,Epi,B cells,3603879.5,0.900969875,3,3.3297450705552167,DLE
257,DLE3,Epi,Plasma cells,3603879.5,0.900969875,2,2.2198300470368113,DLE
258,DLE3,Epi,Macrophage/DC,3603879.5,0.900969875,99,109.88158732832215,DLE
259,DLE3,Epi,Mast cells,3603879.5,0.900969875,1,1.1099150235184057,DLE
260,DLE3,Der,Keratinocytes,41704866.0,10.4262165,3410,327.06015648150026,DLE
261,DLE3,Der,Melanocytes,41704866.0,10.4262165,131,12.564481084773176,DLE
262,DLE3,Der,Schwann cells,41704866.0,10.4262165,113,10.838063836483732,DLE
263,DLE3,Der,Sweat gland cells,41704866.0,10.4262165,2168,207.9373663495286,DLE
264,DLE3,Der,Fibroblasts,41704866.0,10.4262165,3729,357.65610660396317,DLE
265,DLE3,Der,Endothelial cells,41704866.0,10.4262165,3138,300.9720736184598,DLE
266,DLE3,Der,Smooth muscle cells,41704866.0,10.4262165,1232,118.16366943847751,DLE
267,DLE3,Der,T cells,41704866.0,10.4262165,1524,146.16999368850628,DLE
268,DLE3,Der,NK cells,41704866.0,10.4262165,409,39.22803636391015,DLE
269,DLE3,Der,B cells,41704866.0,10.4262165,1040,99.7485521233901,DLE
270,DLE3,Der,Plasma cells,41704866.0,10.4262165,627,60.1368674820823,DLE
271,DLE3,Der,Macrophage/DC,41704866.0,10.4262165,4771,457.5964828660521,DLE
272,DLE3,Der,Mast cells,41704866.0,10.4262165,307,29.445005290269965,DLE
273,DLE4,All,Keratinocytes,45666026.5,11.416506625,11221,982.8750920555788,DLE
274,DLE4,All,Melanocytes,45666026.5,11.416506625,296,25.927370755587855,DLE
275,DLE4,All,Schwann cells,45666026.5,11.416506625,407,35.6501347889333,DLE
276,DLE4,All,Sweat gland cells,45666026.5,11.416506625,1658,145.22831321879954,DLE
277,DLE4,All,Fibroblasts,45666026.5,11.416506625,2915,255.33204646127905,DLE
278,DLE4,All,Endothelial cells,45666026.5,11.416506625,2715,237.81355270750345,DLE
279,DLE4,All,Smooth muscle cells,45666026.5,11.416506625,1093,95.73856836438353,DLE
280,DLE4,All,T cells,45666026.5,11.416506625,1625,142.33776174942656,DLE
281,DLE4,All,NK cells,45666026.5,11.416506625,264,23.12441175498376,DLE
282,DLE4,All,B cells,45666026.5,11.416506625,1368,119.82649727582495,DLE
283,DLE4,All,Plasma cells,45666026.5,11.416506625,1802,157.84162872151796,DLE
284,DLE4,All,Macrophage/DC,45666026.5,11.416506625,2909,254.80649164866577,DLE
285,DLE4,All,Mast cells,45666026.5,11.416506625,298,26.10255569312561,DLE
286,DLE4,Epi,Keratinocytes,2924553.5,0.731138375,3527,4823.9842423809305,DLE
287,DLE4,Epi,Melanocytes,2924553.5,0.731138375,61,83.43153920760895,DLE
288,DLE4,Epi,Schwann cells,2924553.5,0.731138375,1,1.367730150944409,DLE
289,DLE4,Epi,Sweat gland cells,2924553.5,0.731138375,0,0.0,DLE
290,DLE4,Epi,Fibroblasts,2924553.5,0.731138375,3,4.1031904528332275,DLE
291,DLE4,Epi,Endothelial cells,2924553.5,0.731138375,0,0.0,DLE
292,DLE4,Epi,Smooth muscle cells,2924553.5,0.731138375,0,0.0,DLE
293,DLE4,Epi,T cells,2924553.5,0.731138375,2,2.735460301888818,DLE
294,DLE4,Epi,NK cells,2924553.5,0.731138375,0,0.0,DLE
295,DLE4,Epi,B cells,2924553.5,0.731138375,0,0.0,DLE
296,DLE4,Epi,Plasma cells,2924553.5,0.731138375,0,0.0,DLE
297,DLE4,Epi,Macrophage/DC,2924553.5,0.731138375,78,106.68295177366392,DLE
298,DLE4,Epi,Mast cells,2924553.5,0.731138375,2,2.735460301888818,DLE
299,DLE4,Der,Keratinocytes,42761063.5,10.690265875,7694,719.7201725349979,DLE
300,DLE4,Der,Melanocytes,42761063.5,10.690265875,235,21.98261509562315,DLE
301,DLE4,Der,Schwann cells,42761063.5,10.690265875,406,37.97847544179999,DLE
302,DLE4,Der,Sweat gland cells,42761063.5,10.690265875,1658,155.09436522784333,DLE
303,DLE4,Der,Fibroblasts,42761063.5,10.690265875,2912,272.39734109980685,DLE
304,DLE4,Der,Endothelial cells,42761063.5,10.690265875,2715,253.96936163666743,DLE
305,DLE4,Der,Smooth muscle cells,42761063.5,10.690265875,1093,102.24254595538767,DLE
306,DLE4,Der,T cells,42761063.5,10.690265875,1623,151.82035872423987,DLE
307,DLE4,Der,NK cells,42761063.5,10.690265875,264,24.695363341466006,DLE
308,DLE4,Der,B cells,42761063.5,10.690265875,1368,127.96688276941475,DLE
309,DLE4,Der,Plasma cells,42761063.5,10.690265875,1802,168.5645634140975,DLE
310,DLE4,Der,Macrophage/DC,42761063.5,10.690265875,2831,264.82035462003887,DLE
311,DLE4,Der,Mast cells,42761063.5,10.690265875,296,27.68874071618916,DLE
312,DLE5,All,Keratinocytes,47195622.5,11.798905625,15711,1331.5641720797305,DLE
313,DLE5,All,Melanocytes,47195622.5,11.798905625,196,16.61171012205634,DLE
314,DLE5,All,Schwann cells,47195622.5,11.798905625,159,13.47582606840285,DLE
315,DLE5,All,Sweat gland cells,47195622.5,11.798905625,314,26.612637644518834,DLE
316,DLE5,All,Fibroblasts,47195622.5,11.798905625,2579,218.57959390195563,DLE
317,DLE5,All,Endothelial cells,47195622.5,11.798905625,1998,169.33773889728863,DLE
318,DLE5,All,Smooth muscle cells,47195622.5,11.798905625,620,52.54724630446394,DLE
319,DLE5,All,T cells,47195622.5,11.798905625,694,58.81901441177092,DLE
320,DLE5,All,NK cells,47195622.5,11.798905625,110,9.322898537888763,DLE
321,DLE5,All,B cells,47195622.5,11.798905625,129,10.933217376251367,DLE
322,DLE5,All,Plasma cells,47195622.5,11.798905625,1339,113.48510129302777,DLE
323,DLE5,All,Macrophage/DC,47195622.5,11.798905625,2209,187.2207533654207,DLE
324,DLE5,All,Mast cells,47195622.5,11.798905625,198,16.781217368199773,DLE
325,DLE5,Epi,Keratinocytes,3972587.5,0.993146875,6444,6488.4662704094,DLE
326,DLE5,Epi,Melanocytes,3972587.5,0.993146875,106,106.73144392665989,DLE
327,DLE5,Epi,Schwann cells,3972587.5,0.993146875,1,1.0069004144024518,DLE
328,DLE5,Epi,Sweat gland cells,3972587.5,0.993146875,0,0.0,DLE
329,DLE5,Epi,Fibroblasts,3972587.5,0.993146875,33,33.22771367528091,DLE
330,DLE5,Epi,Endothelial cells,3972587.5,0.993146875,6,6.041402486414711,DLE
331,DLE5,Epi,Smooth muscle cells,3972587.5,0.993146875,1,1.0069004144024518,DLE
332,DLE5,Epi,T cells,3972587.5,0.993146875,32,32.22081326087846,DLE
333,DLE5,Epi,NK cells,3972587.5,0.993146875,5,5.034502072012259,DLE
334,DLE5,Epi,B cells,3972587.5,0.993146875,5,5.034502072012259,DLE
335,DLE5,Epi,Plasma cells,3972587.5,0.993146875,0,0.0,DLE
336,DLE5,Epi,Macrophage/DC,3972587.5,0.993146875,192,193.32487956527075,DLE
337,DLE5,Epi,Mast cells,3972587.5,0.993146875,3,3.0207012432073554,DLE
338,DLE5,Der,Keratinocytes,43253196.5,10.813299125,9267,857.0002450570329,DLE
339,DLE5,Der,Melanocytes,43253196.5,10.813299125,90,8.32308428349336,DLE
340,DLE5,Der,Schwann cells,43253196.5,10.813299125,158,14.611636853243898,DLE
341,DLE5,Der,Sweat gland cells,43253196.5,10.813299125,314,29.03831627796572,DLE
342,DLE5,Der,Fibroblasts,43253196.5,10.813299125,2546,235.45080650860103,DLE
343,DLE5,Der,Endothelial cells,43253196.5,10.813299125,1992,184.21759880798635,DLE
344,DLE5,Der,Smooth muscle cells,43253196.5,10.813299125,619,57.244324127582104,DLE
345,DLE5,Der,T cells,43253196.5,10.813299125,662,61.220908840806715,DLE
346,DLE5,Der,NK cells,43253196.5,10.813299125,105,9.71026499740892,DLE
347,DLE5,Der,B cells,43253196.5,10.813299125,124,11.467360568368628,DLE
348,DLE5,Der,Plasma cells,43253196.5,10.813299125,1339,123.82899839552898,DLE
349,DLE5,Der,Macrophage/DC,43253196.5,10.813299125,2017,186.5295666645123,DLE
350,DLE5,Der,Mast cells,43253196.5,10.813299125,195,18.03334928090228,DLE
351,SLE1,All,Keratinocytes,31091302.0,7.7728255,3971,510.88243264949153,SLE
352,SLE1,All,Melanocytes,31091302.0,7.7728255,120,15.438401389559049,SLE
353,SLE1,All,Schwann cells,31091302.0,7.7728255,99,12.736681146386214,SLE
354,SLE1,All,Sweat gland cells,31091302.0,7.7728255,562,72.30317984110154,SLE
355,SLE1,All,Fibroblasts,31091302.0,7.7728255,1740,223.8568201486062,SLE
356,SLE1,All,Endothelial cells,31091302.0,7.7728255,929,119.51895742416963,SLE
357,SLE1,All,Smooth muscle cells,31091302.0,7.7728255,257,33.06390964263896,SLE
358,SLE1,All,T cells,31091302.0,7.7728255,623,80.15103388079406,SLE
359,SLE1,All,NK cells,31091302.0,7.7728255,133,17.110894873427945,SLE
360,SLE1,All,B cells,31091302.0,7.7728255,250,32.16333622824802,SLE
361,SLE1,All,Plasma cells,31091302.0,7.7728255,1191,153.22613379137354,SLE
362,SLE1,All,Macrophage/DC,31091302.0,7.7728255,1311,168.6645351809326,SLE
363,SLE1,All,Mast cells,31091302.0,7.7728255,35,4.502867071954722,SLE
364,SLE1,Epi,Keratinocytes,1080911.0,0.27022775,2180,8067.2691831242355,SLE
365,SLE1,Epi,Melanocytes,1080911.0,0.27022775,33,122.11921240509163,SLE
366,SLE1,Epi,Schwann cells,1080911.0,0.27022775,4,14.802328776374743,SLE
367,SLE1,Epi,Sweat gland cells,1080911.0,0.27022775,0,0.0,SLE
368,SLE1,Epi,Fibroblasts,1080911.0,0.27022775,9,33.30523974684317,SLE
369,SLE1,Epi,Endothelial cells,1080911.0,0.27022775,5,18.50291097046843,SLE
370,SLE1,Epi,Smooth muscle cells,1080911.0,0.27022775,0,0.0,SLE
371,SLE1,Epi,T cells,1080911.0,0.27022775,0,0.0,SLE
372,SLE1,Epi,NK cells,1080911.0,0.27022775,0,0.0,SLE
373,SLE1,Epi,B cells,1080911.0,0.27022775,0,0.0,SLE
374,SLE1,Epi,Plasma cells,1080911.0,0.27022775,1,3.700582194093686,SLE
375,SLE1,Epi,Macrophage/DC,1080911.0,0.27022775,2,7.401164388187372,SLE
376,SLE1,Epi,Mast cells,1080911.0,0.27022775,0,0.0,SLE
377,SLE1,Der,Keratinocytes,30021140.5,7.505285125,1791,238.63184011946512,SLE
378,SLE1,Der,Melanocytes,30021140.5,7.505285125,87,11.591831429588758,SLE
379,SLE1,Der,Schwann cells,30021140.5,7.505285125,95,12.657746963344048,SLE
380,SLE1,Der,Sweat gland cells,30021140.5,7.505285125,562,74.88056624630899,SLE
381,SLE1,Der,Fibroblasts,30021140.5,7.505285125,1731,230.63747361630047,SLE
382,SLE1,Der,Endothelial cells,30021140.5,7.505285125,924,123.11324414873579,SLE
383,SLE1,Der,Smooth muscle cells,30021140.5,7.505285125,257,34.24253652188863,SLE
384,SLE1,Der,T cells,30021140.5,7.505285125,623,83.00817219119307,SLE
385,SLE1,Der,NK cells,30021140.5,7.505285125,133,17.720845748681665,SLE
386,SLE1,Der,B cells,30021140.5,7.505285125,250,33.309860429852755,SLE
387,SLE1,Der,Plasma cells,30021140.5,7.505285125,1190,158.55493564609912,SLE
388,SLE1,Der,Macrophage/DC,30021140.5,7.505285125,1309,174.41042921070903,SLE
389,SLE1,Der,Mast cells,30021140.5,7.505285125,35,4.663380460179385,SLE
390,SLE2,All,Keratinocytes,62323969.5,15.580992375,18336,1176.818495169824,SLE
391,SLE2,All,Melanocytes,62323969.5,15.580992375,385,24.709594275762555,SLE
392,SLE2,All,Schwann cells,62323969.5,15.580992375,216,13.863045100168083,SLE
393,SLE2,All,Sweat gland cells,62323969.5,15.580992375,2583,165.77891432284332,SLE
394,SLE2,All,Fibroblasts,62323969.5,15.580992375,4752,304.9869922036978,SLE
395,SLE2,All,Endothelial cells,62323969.5,15.580992375,3187,204.54409599183185,SLE
396,SLE2,All,Smooth muscle cells,62323969.5,15.580992375,1118,71.75409454624035,SLE
397,SLE2,All,T cells,62323969.5,15.580992375,1909,122.52107914917069,SLE
398,SLE2,All,NK cells,62323969.5,15.580992375,440,28.239536315157206,SLE
399,SLE2,All,B cells,62323969.5,15.580992375,1270,81.50957072784011,SLE
400,SLE2,All,Plasma cells,62323969.5,15.580992375,3797,243.69436224693615,SLE
401,SLE2,All,Macrophage/DC,62323969.5,15.580992375,6734,432.1932671506105,SLE
402,SLE2,All,Mast cells,62323969.5,15.580992375,405,25.993209562815156,SLE
403,SLE2,Epi,Keratinocytes,5176926.5,1.294231625,6611,5108.050114290786,SLE
404,SLE2,Epi,Melanocytes,5176926.5,1.294231625,162,125.1707939063844,SLE
405,SLE2,Epi,Schwann cells,5176926.5,1.294231625,4,3.0906368865773928,SLE
406,SLE2,Epi,Sweat gland cells,5176926.5,1.294231625,0,0.0,SLE
407,SLE2,Epi,Fibroblasts,5176926.5,1.294231625,74,57.17678240168176,SLE
408,SLE2,Epi,Endothelial cells,5176926.5,1.294231625,26,20.089139762753053,SLE
409,SLE2,Epi,Smooth muscle cells,5176926.5,1.294231625,0,0.0,SLE
410,SLE2,Epi,T cells,5176926.5,1.294231625,7,5.408614551510437,SLE
411,SLE2,Epi,NK cells,5176926.5,1.294231625,5,3.863296108221741,SLE
412,SLE2,Epi,B cells,5176926.5,1.294231625,2,1.5453184432886964,SLE
413,SLE2,Epi,Plasma cells,5176926.5,1.294231625,17,13.13520676795392,SLE
414,SLE2,Epi,Macrophage/DC,5176926.5,1.294231625,175,135.21536378776094,SLE
415,SLE2,Epi,Mast cells,5176926.5,1.294231625,1,0.7726592216443482,SLE
416,SLE2,Der,Keratinocytes,57177726.0,14.2944315,11725,820.2494796662603,SLE
417,SLE2,Der,Melanocytes,57177726.0,14.2944315,223,15.600480508791133,SLE
418,SLE2,Der,Schwann cells,57177726.0,14.2944315,212,14.83095008010637,SLE
419,SLE2,Der,Sweat gland cells,57177726.0,14.2944315,2583,180.6997361175224,SLE
420,SLE2,Der,Fibroblasts,57177726.0,14.2944315,4678,327.26030412612073,SLE
421,SLE2,Der,Endothelial cells,57177726.0,14.2944315,3161,221.13506227932186,SLE
422,SLE2,Der,Smooth muscle cells,57177726.0,14.2944315,1118,78.21227447905152,SLE
423,SLE2,Der,T cells,57177726.0,14.2944315,1902,133.05880685076562,SLE
424,SLE2,Der,NK cells,57177726.0,14.2944315,435,30.431430588897502,SLE
425,SLE2,Der,B cells,57177726.0,14.2944315,1268,88.70587123384375,SLE
426,SLE2,Der,Plasma cells,57177726.0,14.2944315,3780,264.4386382207645,SLE
427,SLE2,Der,Macrophage/DC,57177726.0,14.2944315,6559,458.85000743121543,SLE
428,SLE2,Der,Mast cells,57177726.0,14.2944315,404,28.26275392624044,SLE
429,SLE3,All,Keratinocytes,13710315.5,3.427578875,5940,1733.0016949646417,SLE
430,SLE3,All,Melanocytes,13710315.5,3.427578875,153,44.63792244605895,SLE
431,SLE3,All,Schwann cells,13710315.5,3.427578875,131,38.219397649893615,SLE
432,SLE3,All,Sweat gland cells,13710315.5,3.427578875,48,14.004054100724378,SLE
433,SLE3,All,Fibroblasts,13710315.5,3.427578875,1231,359.1456374581606,SLE
434,SLE3,All,Endothelial cells,13710315.5,3.427578875,762,222.3143588489995,SLE
435,SLE3,All,Smooth muscle cells,13710315.5,3.427578875,208,60.6842344364723,SLE
436,SLE3,All,T cells,13710315.5,3.427578875,74,21.589583405283417,SLE
437,SLE3,All,NK cells,13710315.5,3.427578875,11,3.2092623980826698,SLE
438,SLE3,All,B cells,13710315.5,3.427578875,46,13.420551846527529,SLE
439,SLE3,All,Plasma cells,13710315.5,3.427578875,762,222.3143588489995,SLE
440,SLE3,All,Macrophage/DC,13710315.5,3.427578875,485,141.4992966427359,SLE
441,SLE3,All,Mast cells,13710315.5,3.427578875,95,27.71635707435033,SLE
442,SLE3,Epi,Keratinocytes,2202588.0,0.550647,3551,6448.777528979546,SLE
443,SLE3,Epi,Melanocytes,2202588.0,0.550647,100,181.6045488307391,SLE
444,SLE3,Epi,Schwann cells,2202588.0,0.550647,13,23.608591347996086,SLE
445,SLE3,Epi,Sweat gland cells,2202588.0,0.550647,15,27.240682324610866,SLE
446,SLE3,Epi,Fibroblasts,2202588.0,0.550647,44,79.90600148552521,SLE
447,SLE3,Epi,Endothelial cells,2202588.0,0.550647,6,10.896272929844347,SLE
448,SLE3,Epi,Smooth muscle cells,2202588.0,0.550647,0,0.0,SLE
449,SLE3,Epi,T cells,2202588.0,0.550647,3,5.4481364649221735,SLE
450,SLE3,Epi,NK cells,2202588.0,0.550647,2,3.632090976614782,SLE
451,SLE3,Epi,B cells,2202588.0,0.550647,4,7.264181953229564,SLE
452,SLE3,Epi,Plasma cells,2202588.0,0.550647,3,5.4481364649221735,SLE
453,SLE3,Epi,Macrophage/DC,2202588.0,0.550647,9,16.34440939476652,SLE
454,SLE3,Epi,Mast cells,2202588.0,0.550647,3,5.4481364649221735,SLE
455,SLE3,Der,Keratinocytes,11520896.0,2.880224,2389,829.449376159632,SLE
456,SLE3,Der,Melanocytes,11520896.0,2.880224,53,18.401346561934073,SLE
457,SLE3,Der,Schwann cells,11520896.0,2.880224,118,40.969035741664534,SLE
458,SLE3,Der,Sweat gland cells,11520896.0,2.880224,33,11.457442198940083,SLE
459,SLE3,Der,Fibroblasts,11520896.0,2.880224,1187,412.12072394369324,SLE
460,SLE3,Der,Endothelial cells,11520896.0,2.880224,756,262.4795849211728,SLE
461,SLE3,Der,Smooth muscle cells,11520896.0,2.880224,208,72.21660537513749,SLE
462,SLE3,Der,T cells,11520896.0,2.880224,71,24.650860488628663,SLE
463,SLE3,Der,NK cells,11520896.0,2.880224,9,3.124756963347295,SLE
464,SLE3,Der,B cells,11520896.0,2.880224,42,14.582199162287377,SLE
465,SLE3,Der,Plasma cells,11520896.0,2.880224,759,263.5211705756219,SLE
466,SLE3,Der,Macrophage/DC,11520896.0,2.880224,476,165.26492383925694,SLE
467,SLE3,Der,Mast cells,11520896.0,2.880224,92,31.94196006977235,SLE
468,SLE4,All,Keratinocytes,35300182.0,8.8250455,12783,1448.4911154282433,SLE
469,SLE4,All,Melanocytes,35300182.0,8.8250455,125,14.16423292095208,SLE
470,SLE4,All,Schwann cells,35300182.0,8.8250455,147,16.657137915039645,SLE
471,SLE4,All,Sweat gland cells,35300182.0,8.8250455,1051,119.09287039936508,SLE
472,SLE4,All,Fibroblasts,35300182.0,8.8250455,2976,337.2220573820271,SLE
473,SLE4,All,Endothelial cells,35300182.0,8.8250455,1964,222.54842765399906,SLE
474,SLE4,All,Smooth muscle cells,35300182.0,8.8250455,743,84.19220048213916,SLE
475,SLE4,All,T cells,35300182.0,8.8250455,572,64.81552984627672,SLE
476,SLE4,All,NK cells,35300182.0,8.8250455,63,7.138773392159848,SLE
477,SLE4,All,B cells,35300182.0,8.8250455,348,39.43322445193059,SLE
478,SLE4,All,Plasma cells,35300182.0,8.8250455,606,68.66820120077568,SLE
479,SLE4,All,Macrophage/DC,35300182.0,8.8250455,3615,409.62961607393413,SLE
480,SLE4,All,Mast cells,35300182.0,8.8250455,486,55.07053759666169,SLE
481,SLE4,Epi,Keratinocytes,3527908.0,0.881977,6448,7310.848242074339,SLE
482,SLE4,Epi,Melanocytes,3527908.0,0.881977,61,69.1628012975395,SLE
483,SLE4,Epi,Schwann cells,3527908.0,0.881977,3,3.401449244141287,SLE
484,SLE4,Epi,Sweat gland cells,3527908.0,0.881977,0,0.0,SLE
485,SLE4,Epi,Fibroblasts,3527908.0,0.881977,32,36.282125270840396,SLE
486,SLE4,Epi,Endothelial cells,3527908.0,0.881977,2,2.2676328294275248,SLE
487,SLE4,Epi,Smooth muscle cells,3527908.0,0.881977,0,0.0,SLE
488,SLE4,Epi,T cells,3527908.0,0.881977,1,1.1338164147137624,SLE
489,SLE4,Epi,NK cells,3527908.0,0.881977,0,0.0,SLE
490,SLE4,Epi,B cells,3527908.0,0.881977,6,6.802898488282574,SLE
491,SLE4,Epi,Plasma cells,3527908.0,0.881977,0,0.0,SLE
492,SLE4,Epi,Macrophage/DC,3527908.0,0.881977,19,21.542511879561484,SLE
493,SLE4,Epi,Mast cells,3527908.0,0.881977,3,3.401449244141287,SLE
494,SLE4,Der,Keratinocytes,31793100.0,7.948275,6335,797.0282860117447,SLE
495,SLE4,Der,Melanocytes,31793100.0,7.948275,64,8.05206161085267,SLE
496,SLE4,Der,Schwann cells,31793100.0,7.948275,144,18.117138624418505,SLE
497,SLE4,Der,Sweat gland cells,31793100.0,7.948275,1051,132.2299492657212,SLE
498,SLE4,Der,Fibroblasts,31793100.0,7.948275,2944,370.3948340992228,SLE
499,SLE4,Der,Endothelial cells,31793100.0,7.948275,1962,246.84601375770214,SLE
500,SLE4,Der,Smooth muscle cells,31793100.0,7.948275,743,93.47940276349271,SLE
501,SLE4,Der,T cells,31793100.0,7.948275,571,71.83948718432616,SLE
502,SLE4,Der,NK cells,31793100.0,7.948275,63,7.926248148183096,SLE
503,SLE4,Der,B cells,31793100.0,7.948275,342,43.02820423299395,SLE
504,SLE4,Der,Plasma cells,31793100.0,7.948275,606,76.24295837776121,SLE
505,SLE4,Der,Macrophage/DC,31793100.0,7.948275,3596,452.42521175978436,SLE
506,SLE4,Der,Mast cells,31793100.0,7.948275,483,60.767902469403744,SLE
507,SLE5,All,Keratinocytes,49200610.5,12.300152625,12903,1049.0113735478953,SLE
508,SLE5,All,Melanocytes,49200610.5,12.300152625,357,29.02403009816311,SLE
509,SLE5,All,Schwann cells,49200610.5,12.300152625,223,18.129856335827377,SLE
510,SLE5,All,Sweat gland cells,49200610.5,12.300152625,244,19.837152223954618,SLE
511,SLE5,All,Fibroblasts,49200610.5,12.300152625,8018,651.8618300478201,SLE
512,SLE5,All,Endothelial cells,49200610.5,12.300152625,2960,240.64742042174456,SLE
513,SLE5,All,Smooth muscle cells,49200610.5,12.300152625,1035,84.14529734341406,SLE
514,SLE5,All,T cells,49200610.5,12.300152625,1749,142.19335753974028,SLE
515,SLE5,All,NK cells,49200610.5,12.300152625,472,38.373507580764674,SLE
516,SLE5,All,B cells,49200610.5,12.300152625,878,71.38122808455802,SLE
517,SLE5,All,Plasma cells,49200610.5,12.300152625,1986,161.46141113431915,SLE
518,SLE5,All,Macrophage/DC,49200610.5,12.300152625,6755,549.1801773475961,SLE
519,SLE5,All,Mast cells,49200610.5,12.300152625,778,63.251247664904476,SLE
520,SLE5,Epi,Keratinocytes,2662844.0,0.665711,3926,5897.4540003094435,SLE
521,SLE5,Epi,Melanocytes,2662844.0,0.665711,206,309.4435873825128,SLE
522,SLE5,Epi,Schwann cells,2662844.0,0.665711,3,4.506460010424944,SLE
523,SLE5,Epi,Sweat gland cells,2662844.0,0.665711,1,1.5021533368083146,SLE
524,SLE5,Epi,Fibroblasts,2662844.0,0.665711,131,196.78208712188922,SLE
525,SLE5,Epi,Endothelial cells,2662844.0,0.665711,18,27.038760062549663,SLE
526,SLE5,Epi,Smooth muscle cells,2662844.0,0.665711,1,1.5021533368083146,SLE
527,SLE5,Epi,T cells,2662844.0,0.665711,8,12.017226694466517,SLE
528,SLE5,Epi,NK cells,2662844.0,0.665711,4,6.008613347233259,SLE
529,SLE5,Epi,B cells,2662844.0,0.665711,3,4.506460010424944,SLE
530,SLE5,Epi,Plasma cells,2662844.0,0.665711,5,7.510766684041573,SLE
531,SLE5,Epi,Macrophage/DC,2662844.0,0.665711,62,93.13350688211551,SLE
532,SLE5,Epi,Mast cells,2662844.0,0.665711,0,0.0,SLE
533,SLE5,Der,Keratinocytes,46556558.5,11.639139625,8977,771.2769404980826,SLE
534,SLE5,Der,Melanocytes,46556558.5,11.639139625,151,12.973467529821818,SLE
535,SLE5,Der,Schwann cells,46556558.5,11.639139625,220,18.901740771925827,SLE
536,SLE5,Der,Sweat gland cells,46556558.5,11.639139625,243,20.877831852627164,SLE
537,SLE5,Der,Fibroblasts,46556558.5,11.639139625,7887,677.6274066735409,SLE
538,SLE5,Der,Endothelial cells,46556558.5,11.639139625,2942,252.76782432275357,SLE
539,SLE5,Der,Smooth muscle cells,46556558.5,11.639139625,1034,88.83818162805139,SLE
540,SLE5,Der,T cells,46556558.5,11.639139625,1741,149.5815031087403,SLE
541,SLE5,Der,NK cells,46556558.5,11.639139625,468,40.20915764209676,SLE
542,SLE5,Der,B cells,46556558.5,11.639139625,875,75.17737807015955,SLE
543,SLE5,Der,Plasma cells,46556558.5,11.639139625,1981,170.2015839508412,SLE
544,SLE5,Der,Macrophage/DC,46556558.5,11.639139625,6693,575.0425044840889,SLE
545,SLE5,Der,Mast cells,46556558.5,11.639139625,778,66.84342872981043,SLE
546,SLE6,All,Keratinocytes,18822680.5,4.705670125,3904,829.6374153511239,SLE
547,SLE6,All,Melanocytes,18822680.5,4.705670125,32,6.800306683205934,SLE
548,SLE6,All,Schwann cells,18822680.5,4.705670125,45,9.562931273258343,SLE
549,SLE6,All,Sweat gland cells,18822680.5,4.705670125,166,35.276590919130776,SLE
550,SLE6,All,Fibroblasts,18822680.5,4.705670125,950,201.88410465767615,SLE
551,SLE6,All,Endothelial cells,18822680.5,4.705670125,474,100.72954274498788,SLE
552,SLE6,All,Smooth muscle cells,18822680.5,4.705670125,183,38.88925384458393,SLE
553,SLE6,All,T cells,18822680.5,4.705670125,75,15.938218788763907,SLE
554,SLE6,All,NK cells,18822680.5,4.705670125,30,6.375287515505562,SLE
555,SLE6,All,B cells,18822680.5,4.705670125,38,8.075364186307045,SLE
556,SLE6,All,Plasma cells,18822680.5,4.705670125,260,55.25249180104821,SLE
557,SLE6,All,Macrophage/DC,18822680.5,4.705670125,825,175.32040667640297,SLE
558,SLE6,All,Mast cells,18822680.5,4.705670125,15,3.187643757752781,SLE
559,SLE6,Epi,Keratinocytes,1239475.5,0.309868875,1866,6021.902006130819,SLE
560,SLE6,Epi,Melanocytes,1239475.5,0.309868875,1,3.227171493103333,SLE
561,SLE6,Epi,Schwann cells,1239475.5,0.309868875,0,0.0,SLE
562,SLE6,Epi,Sweat gland cells,1239475.5,0.309868875,1,3.227171493103333,SLE
563,SLE6,Epi,Fibroblasts,1239475.5,0.309868875,14,45.18040090344666,SLE
564,SLE6,Epi,Endothelial cells,1239475.5,0.309868875,2,6.454342986206666,SLE
565,SLE6,Epi,Smooth muscle cells,1239475.5,0.309868875,2,6.454342986206666,SLE
566,SLE6,Epi,T cells,1239475.5,0.309868875,8,25.817371944826665,SLE
567,SLE6,Epi,NK cells,1239475.5,0.309868875,3,9.68151447931,SLE
568,SLE6,Epi,B cells,1239475.5,0.309868875,3,9.68151447931,SLE
569,SLE6,Epi,Plasma cells,1239475.5,0.309868875,1,3.227171493103333,SLE
570,SLE6,Epi,Macrophage/DC,1239475.5,0.309868875,36,116.17817375171998,SLE
571,SLE6,Epi,Mast cells,1239475.5,0.309868875,0,0.0,SLE
572,SLE6,Der,Keratinocytes,17593329.5,4.398332375,2038,463.35743328174465,SLE
573,SLE6,Der,Melanocytes,17593329.5,4.398332375,31,7.048125825188461,SLE
574,SLE6,Der,Schwann cells,17593329.5,4.398332375,45,10.231150391402606,SLE
575,SLE6,Der,Sweat gland cells,17593329.5,4.398332375,165,37.514218101809554,SLE
576,SLE6,Der,Fibroblasts,17593329.5,4.398332375,936,212.8079281411742,SLE
577,SLE6,Der,Endothelial cells,17593329.5,4.398332375,472,107.313399660934,SLE
578,SLE6,Der,Smooth muscle cells,17593329.5,4.398332375,181,41.15196046319715,SLE
579,SLE6,Der,T cells,17593329.5,4.398332375,67,15.233046138310547,SLE
580,SLE6,Der,NK cells,17593329.5,4.398332375,27,6.1386902348415635,SLE
581,SLE6,Der,B cells,17593329.5,4.398332375,35,7.95756141553536,SLE
582,SLE6,Der,Plasma cells,17593329.5,4.398332375,259,58.885954474961665,SLE
583,SLE6,Der,Macrophage/DC,17593329.5,4.398332375,789,179.38617019592567,SLE
584,SLE6,Der,Mast cells,17593329.5,4.398332375,15,3.4103834638008683,SLE
